Id,WorkshopId,CompanyId,NumberOfPersons,Paid,ReservationDate
1,1,3,47,0,2023-6-7
2,1,1,83,0,2023-6-8
3,2,1,93,0,2023-7-10
4,2,4,35,0,2023-6-12
5,3,4,19,0,2023-7-1
6,3,5,62,0,2023-6-14
7,4,3,99,0,2023-6-18
8,4,1,42,0,2023-7-5
9,5,4,21,0,2023-6-26
10,5,1,78,0,2023-7-2
11,6,5,71,0,2023-6-16
12,6,5,93,0,2023-6-19
13,7,1,71,0,2023-8-8
14,7,3,32,0,2023-8-27
15,8,3,53,0,2023-8-8
16,8,2,47,0,2023-8-12
17,9,4,75,0,2020-4-8
18,9,5,33,0,2020-4-10
19,10,2,46,0,2020-3-23
20,10,5,43,0,2020-4-3
21,11,1,93,0,2020-4-5
22,11,1,80,0,2020-3-26
23,12,3,27,0,2020-3-18
24,12,4,11,0,2020-4-22
25,13,3,70,0,2020-4-13
26,13,4,37,0,2020-4-8
27,14,1,58,0,2020-4-21
28,14,5,12,0,2020-4-9
29,15,5,0,0,2020-3-30
30,15,4,28,0,2020-3-18
31,16,4,22,0,2020-4-19
32,16,2,32,0,2020-4-3
33,17,5,60,0,2020-4-22
34,17,5,59,0,2020-4-4
35,18,1,21,0,2024-10-9
36,18,4,28,0,2024-11-4
37,19,2,46,0,2024-10-9
38,19,5,92,0,2024-10-27
39,20,3,98,0,2024-10-21
40,20,2,57,0,2024-11-15
41,21,3,67,0,2024-10-22
42,21,1,25,0,2024-11-4
43,22,5,73,0,2024-10-19
44,22,5,80,0,2024-10-18
45,23,1,45,0,2024-10-19
46,23,5,44,0,2024-10-15
47,24,5,73,0,2024-11-21
48,24,2,85,0,2024-11-9
49,25,5,31,0,2024-11-4
50,25,1,54,0,2024-11-7
51,26,4,12,0,2024-10-23
52,26,2,98,0,2024-11-7
53,27,1,64,0,2025-7-24
54,27,1,53,0,2025-6-30
55,28,1,16,0,2025-7-30
56,28,4,41,0,2025-7-19
57,29,3,50,0,2025-7-27
58,29,4,92,0,2025-7-1
59,30,3,11,0,2025-7-4
60,30,4,82,0,2025-7-27
61,31,2,21,0,2025-7-19
62,31,1,33,0,2025-8-4
63,32,3,80,0,2025-8-2
64,32,4,33,0,2025-7-5
65,33,5,51,0,2022-2-10
66,33,3,54,0,2022-3-4
67,34,2,75,0,2022-2-1
68,34,2,74,0,2022-2-25
69,35,4,42,0,2022-3-5
70,35,4,60,0,2022-3-13
71,36,1,70,0,2022-2-12
72,36,2,89,0,2022-3-3
73,37,1,43,0,2022-2-16
74,37,5,25,0,2022-2-11
75,38,1,88,0,2022-2-11
76,38,2,32,0,2022-3-6
77,39,2,0,0,2022-3-8
78,39,3,33,0,2022-2-20
79,40,3,61,0,2022-2-24
80,40,3,30,0,2022-3-18
81,41,3,22,0,2022-2-15
82,41,3,83,0,2022-2-25
83,42,3,20,0,2025-4-16
84,42,1,28,0,2025-3-27
85,43,4,42,0,2025-4-26
86,43,4,52,0,2025-3-18
87,44,3,71,0,2025-4-18
88,44,4,60,0,2025-4-13
89,45,2,28,0,2025-4-1
90,45,4,34,0,2025-4-1
91,46,4,37,0,2025-3-26
92,46,3,86,0,2025-3-30
93,47,1,47,0,2025-4-6
94,47,4,78,0,2025-3-27
95,48,1,22,0,2025-4-19
96,48,2,68,0,2025-4-1
97,49,1,36,0,2022-11-29
98,49,2,88,0,2022-11-5
99,50,2,98,0,2022-12-1
100,50,4,27,0,2022-12-2
101,51,3,75,0,2022-11-13
102,51,5,26,0,2022-11-17
103,52,1,89,0,2022-12-9
104,52,5,18,0,2022-12-8
105,53,1,41,0,2023-9-11
106,53,2,77,0,2023-10-4
107,54,4,15,0,2023-10-12
108,54,1,23,0,2023-10-6
109,55,2,25,0,2023-10-17
110,55,3,42,0,2023-9-30
111,56,3,2,0,2023-10-2
112,56,5,26,0,2023-10-4
113,57,3,22,0,2023-10-21
114,57,5,10,0,2023-10-23
115,58,1,41,0,2023-10-6
116,58,1,14,0,2023-10-17
117,59,2,55,0,2023-10-15
118,59,2,25,0,2023-10-18
119,60,4,81,0,2023-10-14
120,60,5,47,0,2023-9-24
121,61,2,71,0,2023-9-29
122,61,2,76,0,2023-10-1
123,62,4,33,0,2024-10-27
124,62,2,71,0,2024-10-16
125,63,2,67,0,2024-10-2
126,63,3,42,0,2024-10-22
127,64,1,65,0,2024-9-30
128,64,4,65,0,2024-10-6
129,65,5,51,0,2024-10-16
130,65,4,13,0,2024-11-3
131,66,4,85,0,2021-10-24
132,66,4,18,0,2021-10-28
133,67,5,46,0,2021-11-1
134,67,3,17,0,2021-11-11
135,68,5,59,0,2021-11-8
136,68,5,81,0,2021-10-19
137,69,4,10,0,2021-10-21
138,69,1,26,0,2021-10-27
139,70,5,78,0,2021-10-17
140,70,3,41,0,2021-10-19
141,71,5,4,0,2021-10-22
142,71,1,35,0,2021-11-13
143,72,4,37,0,2021-11-12
144,72,1,86,0,2021-10-18
145,73,3,27,0,2024-10-26
146,73,4,68,0,2024-10-11
147,74,1,50,0,2024-11-16
148,74,3,11,0,2024-10-17
149,75,3,24,0,2024-10-18
150,75,3,21,0,2024-11-8
151,76,5,42,0,2024-11-17
152,76,3,80,0,2024-10-19
153,77,2,65,0,2024-11-12
154,77,5,64,0,2024-10-26
155,78,5,92,0,2024-11-12
156,78,3,63,0,2024-10-23
157,79,4,73,0,2025-7-5
158,79,2,63,0,2025-6-1
159,80,5,22,0,2025-6-24
160,80,2,21,0,2025-7-7
161,81,3,94,0,2025-7-6
162,81,4,44,0,2025-6-6
163,82,2,82,0,2025-5-31
164,82,1,28,0,2025-6-30
165,83,1,48,0,2025-6-23
166,83,2,59,0,2025-6-15
167,84,2,87,0,2025-7-8
168,84,2,29,0,2025-6-28
169,85,2,81,0,2022-8-14
170,85,3,33,0,2022-9-2
171,86,3,54,0,2022-8-18
172,86,2,71,0,2022-9-8
173,87,3,72,0,2022-9-17
174,87,1,44,0,2022-8-29
175,88,4,14,0,2022-8-29
176,88,2,21,0,2022-8-23
177,89,2,88,0,2022-8-15
178,89,2,64,0,2022-8-26
179,90,5,66,0,2022-8-24
180,90,2,51,0,2022-9-2
181,91,5,48,0,2022-9-7
182,91,2,58,0,2022-9-7
183,92,3,12,0,2022-8-30
184,92,3,28,0,2022-9-18
185,93,2,68,0,2022-10-31
186,93,2,66,0,2022-12-3
187,94,3,32,0,2022-11-14
188,94,4,42,0,2022-11-17
189,95,2,23,0,2022-11-15
190,95,4,79,0,2022-11-6
191,96,5,16,0,2022-4-14
192,96,4,61,0,2022-4-4
193,97,4,14,0,2022-3-16
194,97,2,12,0,2022-3-31
195,98,1,5,0,2022-3-17
196,98,1,16,0,2022-3-17
197,99,1,72,0,2022-4-18
198,99,4,32,0,2022-4-24
199,100,1,91,0,2022-4-25
200,100,5,69,0,2022-4-16
201,101,4,25,0,2022-4-8
202,101,2,75,0,2022-3-22
203,102,1,97,0,2022-3-23
204,102,5,83,0,2022-3-31
205,103,3,45,0,2022-4-23
206,103,5,82,0,2022-3-26
207,104,4,16,0,2023-4-21
208,104,5,87,0,2023-4-20
209,105,3,33,0,2025-9-17
210,105,1,44,0,2025-9-6
211,106,3,51,0,2025-8-31
212,106,5,62,0,2025-8-24
213,107,5,48,0,2025-9-18
214,107,5,80,0,2025-9-24
215,108,2,65,0,2025-9-2
216,108,1,55,0,2025-9-2
217,109,3,5,0,2025-9-2
218,109,5,88,0,2025-8-24
219,110,2,88,0,2025-9-5
220,110,2,52,0,2025-8-19
221,111,5,47,0,2021-10-26
222,111,3,58,0,2021-10-29
223,112,5,67,0,2021-9-22
224,112,3,17,0,2021-10-30
225,113,2,22,0,2022-6-26
226,113,2,47,0,2022-6-13
227,114,3,86,0,2022-5-20
228,114,5,85,0,2022-6-17
229,115,2,41,0,2022-6-29
230,115,5,86,0,2022-5-27
