Id,ConferenceDayId,NumberOfPersons,CompanyId,Paid,ReservationDate
1,1,26,1,0,2023-7-17
2,1,71,2,0,2023-7-14
3,2,45,5,0,2023-6-9
4,2,46,1,0,2023-6-21
5,3,38,1,0,2023-6-10
6,3,75,4,0,2023-7-14
7,4,66,3,0,2023-6-17
8,4,39,3,0,2023-6-25
9,5,33,2,0,2023-6-24
10,5,24,3,0,2023-7-20
11,6,71,5,0,2023-7-8
12,6,75,2,0,2023-7-6
13,7,56,1,0,2023-9-14
14,7,62,5,0,2023-8-23
15,8,18,1,0,2023-8-18
16,8,93,3,0,2023-8-13
17,9,21,5,0,2020-3-26
18,9,28,5,0,2020-4-11
19,10,32,2,0,2020-3-25
20,10,89,3,0,2020-4-18
21,11,54,1,0,2020-3-16
22,11,68,5,0,2020-4-4
23,12,81,2,0,2020-4-2
24,12,82,3,0,2020-4-24
25,13,70,1,0,2020-4-9
26,13,18,3,0,2020-3-22
27,14,33,4,0,2020-4-13
28,14,26,3,0,2020-4-14
29,15,58,3,0,2020-4-18
30,15,10,5,0,2020-4-25
31,16,38,2,0,2020-4-3
32,16,41,5,0,2020-4-3
33,17,35,3,0,2020-4-2
34,17,63,3,0,2020-4-28
35,18,86,2,0,2024-10-17
36,18,87,1,0,2024-10-15
37,19,21,1,0,2024-10-30
38,19,54,5,0,2024-11-14
39,20,71,3,0,2024-11-19
40,20,96,3,0,2024-10-22
41,21,88,1,0,2024-11-15
42,21,38,2,0,2024-11-12
43,22,63,1,0,2024-11-3
44,22,33,5,0,2024-11-9
45,23,28,1,0,2024-11-2
46,23,73,3,0,2024-11-10
47,24,58,2,0,2024-10-18
48,24,89,1,0,2024-10-22
49,25,88,5,0,2024-10-22
50,25,76,4,0,2024-10-18
51,26,13,1,0,2024-11-1
52,26,48,1,0,2024-11-4
53,27,42,4,0,2025-7-11
54,27,3,4,0,2025-8-7
55,28,87,5,0,2025-8-5
56,28,46,4,0,2025-8-1
57,29,28,2,0,2025-8-5
58,29,85,2,0,2025-7-2
59,30,14,5,0,2025-7-31
60,30,75,4,0,2025-7-30
61,31,92,4,0,2025-7-20
62,31,20,2,0,2025-7-11
63,32,5,1,0,2025-7-7
64,32,5,1,0,2025-7-24
65,33,64,3,0,2022-2-26
66,33,47,4,0,2022-2-25
67,34,78,2,0,2022-2-8
68,34,18,5,0,2022-2-23
69,35,62,1,0,2022-3-15
70,35,25,4,0,2022-2-20
71,36,6,1,0,2022-2-16
72,36,62,5,0,2022-3-2
73,37,45,3,0,2022-2-13
74,37,35,3,0,2022-3-4
75,38,9,3,0,2022-3-15
76,38,5,2,0,2022-2-13
77,39,49,2,0,2022-2-25
78,39,80,3,0,2022-2-14
79,40,30,1,0,2022-3-14
80,40,80,3,0,2022-2-15
81,41,80,5,0,2022-2-21
82,41,14,4,0,2022-2-24
83,42,57,4,0,2025-4-3
84,42,28,2,0,2025-4-13
85,43,90,1,0,2025-4-4
86,43,37,1,0,2025-4-18
87,44,86,5,0,2025-4-27
88,44,62,5,0,2025-3-29
89,45,24,3,0,2025-3-24
90,45,67,1,0,2025-4-26
91,46,67,2,0,2025-4-26
92,46,57,3,0,2025-4-10
93,47,28,5,0,2025-4-20
94,47,12,4,0,2025-4-24
95,48,87,5,0,2025-3-29
96,48,72,5,0,2025-4-19
97,49,3,4,0,2022-12-13
98,49,21,2,0,2022-11-20
99,50,47,4,0,2022-11-25
100,50,16,2,0,2022-11-14
101,51,37,4,0,2022-11-12
102,51,14,3,0,2022-12-1
103,52,55,2,0,2022-11-21
104,52,11,3,0,2022-11-21
105,53,79,3,0,2023-9-14
106,53,43,3,0,2023-10-16
107,54,56,1,0,2023-10-7
108,54,21,4,0,2023-9-25
109,55,9,2,0,2023-10-17
110,55,33,4,0,2023-9-29
111,56,91,3,0,2023-10-3
112,56,18,1,0,2023-10-11
113,57,51,1,0,2023-9-30
114,57,62,1,0,2023-10-6
115,58,14,5,0,2023-9-18
116,58,54,2,0,2023-9-28
117,59,76,4,0,2023-9-29
118,59,12,1,0,2023-10-17
119,60,43,1,0,2023-10-2
120,60,23,3,0,2023-10-18
121,61,41,1,0,2023-9-19
122,61,46,5,0,2023-9-21
123,62,6,1,0,2024-10-19
124,62,70,3,0,2024-11-2
125,63,2,4,0,2024-9-30
126,63,47,1,0,2024-10-6
127,64,40,2,0,2024-10-10
128,64,65,2,0,2024-10-1
129,65,50,4,0,2024-11-10
130,65,98,1,0,2024-10-19
131,66,96,5,0,2021-11-13
132,66,4,5,0,2021-11-4
133,67,25,5,0,2021-10-16
134,67,13,1,0,2021-11-16
135,68,9,1,0,2021-11-6
136,68,52,5,0,2021-11-6
137,69,63,2,0,2021-11-7
138,69,73,3,0,2021-10-25
139,70,59,4,0,2021-11-9
140,70,53,4,0,2021-10-26
141,71,6,2,0,2021-11-16
142,71,39,4,0,2021-10-15
143,72,64,1,0,2021-11-11
144,72,60,4,0,2021-10-27
145,73,40,4,0,2024-10-9
146,73,21,3,0,2024-10-25
147,74,49,4,0,2024-10-18
148,74,33,4,0,2024-11-13
149,75,86,5,0,2024-10-24
150,75,75,4,0,2024-10-23
151,76,27,5,0,2024-11-19
152,76,86,4,0,2024-10-26
153,77,31,2,0,2024-11-1
154,77,37,1,0,2024-10-16
155,78,74,1,0,2024-10-14
156,78,56,2,0,2024-10-27
157,79,71,2,0,2025-7-4
158,79,35,3,0,2025-6-19
159,80,18,1,0,2025-6-2
160,80,48,1,0,2025-6-16
161,81,93,1,0,2025-7-3
162,81,23,4,0,2025-7-9
163,82,56,5,0,2025-7-6
164,82,62,1,0,2025-6-21
165,83,41,4,0,2025-6-25
166,83,14,1,0,2025-6-7
167,84,52,5,0,2025-6-15
168,84,76,5,0,2025-6-17
169,85,75,4,0,2022-9-10
170,85,83,5,0,2022-9-7
171,86,63,3,0,2022-8-22
172,86,46,4,0,2022-9-17
173,87,14,2,0,2022-9-11
174,87,13,3,0,2022-9-10
175,88,42,4,0,2022-9-3
176,88,83,3,0,2022-9-4
177,89,19,4,0,2022-9-16
178,89,60,1,0,2022-8-21
179,90,40,5,0,2022-9-19
180,90,39,4,0,2022-9-3
181,91,50,5,0,2022-9-14
182,91,18,5,0,2022-9-5
183,92,3,1,0,2022-8-22
184,92,57,5,0,2022-9-22
185,93,74,5,0,2022-11-25
186,93,79,4,0,2022-11-21
187,94,93,4,0,2022-11-1
188,94,35,5,0,2022-11-11
189,95,50,1,0,2022-12-3
190,95,66,3,0,2022-11-7
191,96,64,2,0,2022-3-20
192,96,57,5,0,2022-4-2
193,97,71,5,0,2022-4-21
194,97,19,1,0,2022-3-27
195,98,54,4,0,2022-4-19
196,98,98,5,0,2022-4-20
197,99,16,3,0,2022-4-9
198,99,76,4,0,2022-4-17
199,100,13,4,0,2022-3-26
200,100,32,5,0,2022-4-12
201,101,32,5,0,2022-4-5
202,101,50,3,0,2022-3-31
203,102,87,5,0,2022-3-23
204,102,84,2,0,2022-4-27
205,103,67,1,0,2022-4-1
206,103,53,2,0,2022-5-2
207,104,66,1,0,2023-4-4
208,104,63,5,0,2023-4-9
209,105,5,5,0,2025-9-16
210,105,11,4,0,2025-8-25
211,106,86,5,0,2025-8-17
212,106,87,3,0,2025-9-14
213,107,68,2,0,2025-9-23
214,107,15,4,0,2025-9-10
215,108,45,3,0,2025-9-15
216,108,60,5,0,2025-8-27
217,109,29,5,0,2025-8-28
218,109,50,1,0,2025-9-19
219,110,11,5,0,2025-8-19
220,110,84,2,0,2025-9-26
221,111,82,2,0,2021-10-16
222,111,91,2,0,2021-10-11
223,112,14,5,0,2021-9-25
224,112,25,4,0,2021-10-18
225,113,86,1,0,2022-6-4
226,113,94,5,0,2022-6-5
227,114,64,3,0,2022-6-4
228,114,63,2,0,2022-5-20
229,115,91,3,0,2022-6-7
230,115,70,3,0,2022-6-8
